{"cameraMode":{"drawMode":0,"name":"Shaded","section":"Shading Mode"},"sceneLighting":true,"audioPlay":false,"sceneViewState":{"m_AlwaysRefresh":false,"showFog":true,"showSkybox":true,"showFlares":true,"showImageEffects":true,"showParticleSystems":true,"showVisualEffectGraphs":true,"m_FxEnabled":false},"in2DMode":false,"pivot":{"x":22.173355102539064,"y":70.91445922851563,"z":-105.27803039550781},"rotation":{"x":0.016507402062416078,"y":0.981551468372345,"z":-0.09986969083547592,"w":0.16222739219665528},"size":124.59383392333985,"orthographic":true}