{"cameraMode":{"drawMode":0,"name":"Shaded","section":"Shading Mode"},"sceneLighting":false,"audioPlay":false,"sceneViewState":{"m_AlwaysRefresh":false,"showFog":true,"showSkybox":false,"showFlares":true,"showImageEffects":true,"showParticleSystems":true,"showVisualEffectGraphs":true,"m_FxEnabled":false},"in2DMode":false,"pivot":{"x":9.970000267028809,"y":1.2100000381469727,"z":7.649871826171875},"rotation":{"x":0.18384869396686555,"y":0.14246249198913575,"z":-0.026940327137708665,"w":0.9722039103507996},"size":2.4720566272735597,"orthographic":false}