{"cameraMode":{"drawMode":0,"name":"Shaded","section":"Shading Mode"},"sceneLighting":false,"audioPlay":false,"sceneViewState":{"m_AlwaysRefresh":false,"showFog":true,"showSkybox":false,"showFlares":true,"showImageEffects":true,"showParticleSystems":true,"showVisualEffectGraphs":true,"m_FxEnabled":false},"in2DMode":false,"pivot":{"x":18.69999885559082,"y":12.048906326293946,"z":-0.03000020980834961},"rotation":{"x":0.2529844045639038,"y":-0.1616121381521225,"z":0.042905136942863467,"w":0.9529083967208862},"size":8.270472526550293,"orthographic":false}